{
  "neutral":0.71875,
  "positive":0.1875,
  "negative":0.09375,
  "average_compound":0.057740625
}